User,Date Created,Number of Likes,Number of Retweets,Source of Tweet,Tweet
Tim Cook,2022-12-25 15:02:04+00:00,27110,1548,,"Today we celebrate the gift of friends and family, the hope for peace, and the joy that comes from being together. Merry Christmas!"
Tim Cook,2022-12-18 22:49:29+00:00,6324,403,,"Happy Hanukkah to all those celebrating! As you gather around the menorah with family and friends, I hope you enjoy the first of many nights filled with health and happiness. üïé"
Tim Cook,2022-12-18 18:07:44+00:00,162266,12325,,One of the greatest games I‚Äôve ever seen. Congratulations Argentina!
Tim Cook,2022-12-16 09:53:22+00:00,65774,3133,,üôèüáØüáµ https://t.co/vNwc9tlha8
Tim Cook,2022-12-16 08:03:04+00:00,10508,1124,,"Great to visit with the team at Inoue, a family-run business that‚Äôs been operating in Fukui for over 70 years. They are bringing together traditional craftsmanship with state-of-the-art manufacturing to weave stunning Apple Watch bands. https://t.co/wzWrwTOkpl"
Tim Cook,2022-12-16 04:39:41+00:00,3988,358,,Paralympians Daisuke Ikezaki and Shinichi Shimakawa are using Apple Watch to take their wheelchair rugby workouts to the next level. Thanks for letting me join your training session today! https://t.co/kndaP42Kzx
Tim Cook,2022-12-16 03:04:42+00:00,5365,401,,"Great to spend time with our team here in Roppongi and across Japan ‚Äî thanks for all you do to support Apple, our users, and each other! https://t.co/rrGfdCyKXA"
Tim Cook,2022-12-16 01:38:53+00:00,3553,300,,It‚Äôs always such a joy to visit with the team at Apple Marunouchi. Thanks for sharing your incredible energy and passion ‚Äî and for helping our customers this busy holiday season. https://t.co/R558BFiy50
Tim Cook,2022-12-15 12:21:07+00:00,3458,458,,"What an unforgettable #ShotoniPhone photo walk with @yusukeokawa, @Hisa0808, and @yukaohishi! Blown away by these talented creators and the ways they use iPhone to share their art with the world. https://t.co/UGeQP1MsJm"
Tim Cook,2022-12-15 09:33:21+00:00,6779,707,,"It‚Äôs incredible to be back in a country that‚Äôs so near and dear to our hearts at Apple. Thank you, @kishida230, for the warm reception. We‚Äôre looking forward to continuing to grow and invest across Japan. https://t.co/vxUF3nVYOV"
Tim Cook,2022-12-15 03:21:38+00:00,3573,348,,"Qoncept, Whatever Co., and Fantamstick are great examples of the creative and entrepreneurial developers here in Japan who are bringing their apps to the world. We‚Äôre glad to launch our App Store Foundations program in Japan to help even more developers thrive on @AppStore. https://t.co/qd8PINIevW"
Tim Cook,2022-12-14 08:15:58+00:00,5710,470,,Our teams at our technology center in Yokohama are doing everything from pioneering new optical coating technologies for iPhone to supporting our customers across Japan. Thanks for hosting me in the office. https://t.co/rJ7rmCOFov
Tim Cook,2022-12-14 03:10:49+00:00,4725,336,,"Thanks, VERDY, for sharing the creative process behind your iconic designs and for letting us say hello to VICK and VISTY! ‚úåüèª https://t.co/6KFcHlDAaF"
Tim Cook,2022-12-14 00:19:35+00:00,7659,632,,Cocomi is introducing a new generation to classical music with her modern sound. Thank you for the amazing performance at Apple Omotesando last night! https://t.co/EQLdNvz4Ym
Tim Cook,2022-12-13 11:24:36+00:00,3522,401,,"A great video game pushes the boundaries of innovation, technology, and creativity. From Frogger to esports and beyond, @Konami creates new worlds and one-of-a kind experiences on @AppleArcade and @AppStore for gamers around the world. https://t.co/NwsnzYzL9G"
Tim Cook,2022-12-13 06:34:22+00:00,6714,575,,Thank you to the Apple Ginza team for the warm welcome back to Tokyo ‚Äî and for all you do for our customers! https://t.co/PYHwE5ursm
Tim Cook,2022-12-13 04:12:17+00:00,32825,2932,,We‚Äôve been partnering with Sony for over a decade to create the world‚Äôs leading camera sensors for iPhone. Thanks to Ken and everyone on the team for showing me around the cutting-edge facility in Kumamoto today. https://t.co/462SEkUbhi
Tim Cook,2022-12-13 02:06:22+00:00,12457,1737,,"Kumamoto‚Äôs Gofuku Elementary is finding new ways to weave creativity and technology into the classroom. These young creators are using iPad to bring the classic story of ""The Booyoo Tree"" to life. https://t.co/gdSf8YMeAE"
Tim Cook,2022-12-12 13:37:20+00:00,3654,422,,"Japan‚Äôs next generation of developers are already changing the world, one app at a time! https://t.co/mOKTAVsoBp"
Tim Cook,2022-12-12 12:26:28+00:00,20237,2210,,Great to be back in Japan! Visited the historic Kumamoto Castle and learned about their work to restore this incredible landmark. üáØüáµ https://t.co/SOGAqnfud4
Tim Cook,2022-12-09 17:04:04+00:00,2227,231,,I am so grateful to our teams who volunteer their time helping communities all over the world. Apple is proud to support these efforts for tens of thousands of organizations. https://t.co/NKmhBfXavK
Tim Cook,2022-12-08 16:06:55+00:00,9093,613,,"The determination @Malala brings to everything she does is an inspiration to me and so many. She is a constant advocate for girls' education, for women‚Äôs rights, and for equality and justice everywhere. We‚Äôre proud to support her work and welcome her back to Apple. https://t.co/HclIThNhNx"
Tim Cook,2022-12-06 23:21:30+00:00,54830,4132,,"Apple silicon unlocks a new level of performance for our users. And soon, many of these chips can be stamped ‚ÄúMade in America.‚Äù The opening of TSMC's plant in Arizona marks a new era of advanced manufacturing in the U.S. ‚Äî and we are proud to become the site‚Äôs largest customer. https://t.co/rBoiEUwZaX"
Tim Cook,2022-12-03 00:12:02+00:00,5359,620,,"Accessibility is essential to building a more equitable world. For decades, we‚Äôve been committed to designing technology with the input, expertise, and creativity of people with disabilities ‚Äî technology that can be used by everyone. https://t.co/Wi0ZEjrnSA"
Tim Cook,2022-12-01 20:05:25+00:00,6346,570,,"For 16 years, we‚Äôve partnered with @RED and @GlobalFund in the fight to end HIV/AIDS in sub-Saharan Africa. Thank you to all of our customers who have been so instrumental in helping us make a difference. https://t.co/jZQgjaphoj"
Tim Cook,2022-11-24 18:29:07+00:00,14628,831,,"Happy Thanksgiving! There‚Äôs much to be grateful for today ‚Äî thank you to our team at Apple, all the developers that make amazing creations, and our customers. Wishing everyone a joyful day! ü¶É"
Tim Cook,2022-11-20 17:47:20+00:00,10615,1129,,"On Transgender Day of Remembrance, it's deeply painful to see yet another act of violence against the LGBTQ community. We grieve for the victims of the Colorado shooting. And we redouble our commitment to building a world where everyone can live and thrive as their full selves."
Tim Cook,2022-11-19 00:29:38+00:00,10315,747,,"The team at the new Apple Pacific Centre is excited to welcome the Vancouver community! Explore this gorgeous new space with a weekend full of cultural programming featuring local artists, musicians, and more. üá®üá¶ https://t.co/A8krKzJBp4"
Tim Cook,2022-11-16 20:12:19+00:00,2928,268,,"The mission of the education non-profit FIRST (@FIRSTweets) has always been close to our hearts at Apple. Last night, we celebrated all the organization has done to build a world where students everywhere can chase their passions and achieve their dreams. https://t.co/ll2RTL14dy"
Tim Cook,2022-11-15 21:10:09+00:00,47475,5395,,"At Apple, we believe everyone should have the freedom to marry the person they love. We‚Äôre proud to support the bipartisan Respect for Marriage Act and strongly urge the U.S. Senate to act on behalf of families across the nation."
Tim Cook,2022-11-15 14:47:30+00:00,5880,800,,A new safety feature that provides customers peace of mind is now available in the US and Canada across the iPhone 14 lineup ‚Äî Emergency SOS via satellite. Users can now message emergency services without Wi-Fi or cell service. üõ∞Ô∏è https://t.co/jtyzayB0bV
Tim Cook,2022-11-11 15:03:33+00:00,6935,450,,"We owe a debt we can never repay to our nation‚Äôs veterans, service members, and their families. To all the veterans at Apple and beyond, thank you for your service and sacrifice."
Tim Cook,2022-11-10 15:03:49+00:00,3164,406,,Emergency SOS via satellite on iPhone 14 is supported by the breakthrough technology and ingenuity of American companies. You can explore further than ever while knowing that help is still within reach. https://t.co/VamL3Wh5cb
Tim Cook,2022-11-08 00:13:20+00:00,1987,251,,"For so many veterans, the fight continues long after their service because of the effects of PTSD. NightWare is helping veterans cope with one of the most pernicious symptoms of that condition ‚Äî and it‚Äôs profound to see the impact it‚Äôs already having. https://t.co/VZRl0sLOpz"
Tim Cook,2022-10-27 00:56:57+00:00,3036,251,,Congratulations to the first graduating class of Swift Explorers Singapore! Students in the program learned the basics of coding and developed creative apps that solve issues they‚Äôre passionate about ‚Äî from helping people care for their families to improving mental wellness. https://t.co/ojeIQv4ruT
Tim Cook,2022-10-26 23:42:22+00:00,3824,317,,One of the many things I love about iPad is all the creativity it inspires and how much potential it unlocks. I can‚Äôt wait to see what people do with the next-generation iPad and iPad Pro ‚Äî now available! https://t.co/xPGiVk87Il
Tim Cook,2022-10-25 16:52:09+00:00,2830,318,,"Fighting climate change is one of Apple‚Äôs most urgent priorities. We set an ambitious goal to be carbon neutral across our supply chain by 2030, and we are committed to working with our¬†suppliers to make that a reality.¬†https://t.co/CZUVlQUEaK"
Tim Cook,2022-10-24 02:19:06+00:00,46265,3083,,This photo beautifully captures why Diwali is known as the Festival of Lights. Wishing all who celebrate a holiday full of joy and prosperity. #ShotoniPhone by Apeksha Maker. https://t.co/BhUH1MkFfS
Tim Cook,2022-10-22 19:20:42+00:00,5608,356,,Stopped by Apple Domain NORTHSIDE and Apple Barton Creek to spend time with the teams. Thanks for all you do for our customers! https://t.co/94mkFndYdq
Tim Cook,2022-10-22 01:10:29+00:00,5618,337,,It's been nearly 30 years since Apple opened its first office in Austin! Our new campus is a reflection of all the breakthroughs to come. https://t.co/k638lil4Tv
Tim Cook,2022-10-22 00:10:07+00:00,26025,1438,,Our engineering teams in Austin are hard at work on powerful next-generation silicon chips. Great to see them in action today! https://t.co/iT0QLoQUVM
Tim Cook,2022-10-18 15:26:11+00:00,7446,1101,,"We‚Äôre excited to introduce our most advanced iPad lineup yet! iPad has major updates, and M2 supercharges iPad Pro‚Äôs performance to help unleash your creativity and enhance productivity. Looking forward to seeing what our users will create! https://t.co/POT5Kd6sTM"
Tim Cook,2022-10-18 12:00:01+00:00,29707,4236,,The possibilities are endless. #TakeNote https://t.co/msmJg865tr
Tim Cook,2022-10-10 14:04:44+00:00,4526,302,,"On this Indigenous Peoples‚Äô Day, we honor the dynamic cultures, experiences, and contributions of Native communities."
Tim Cook,2022-10-06 20:55:39+00:00,1562,201,,"From helping kids learn Spanish to making grocery store shopping more accessible to expanding access to mental health tools, these developers are sharing their talent, skills, and culture to make the world more inclusive. https://t.co/xp0SHVWdSR"
Tim Cook,2022-10-05 14:12:03+00:00,53840,5707,,"Steve showed us all, again and again, that a great idea really can change the world. Remembering him today and always. https://t.co/LNPBYjOiLs"
Tim Cook,2022-10-04 15:52:53+00:00,1551,148,,"We‚Äôre proud to work side by side with educators and community-based organizations to support learners of all ages as part of our Community Education Initiative, opening doors to new opportunities for students around the world. https://t.co/u3bYvCnywB"
Tim Cook,2022-09-30 19:09:32+00:00,4149,210,,"What an incredible week spending time with our teams across Europe and celebrating developers, students, and creators who are leaving their mark on the world. Grazie mille team Milan ‚Äî Arrivederci! https://t.co/zCumAio2bU"
Tim Cook,2022-09-30 14:25:56+00:00,1710,157,,"What started as a project between friends became a thriving business on the App Store ‚Äî and above all, they know how to step up to help their community. Thanks for inviting me to meet with the whole team today! Bravi! https://t.co/vfLnOXwCay"
Tim Cook,2022-09-30 13:20:46+00:00,2441,189,,"Thank you to the team at Apple Piazza Liberty! I saw the impact Today at Apple Creative Studios has on young creatives in the community. We‚Äôre grateful for the partnership with Afro Fashion giving emerging designers the tools, connections, and support to pursue their dreams. https://t.co/dxTHINASDb"
Tim Cook,2022-09-30 11:43:53+00:00,2361,156,,Triennale Milano is an extraordinary institution ‚Äî a grand building where amazing artists reflect on today‚Äôs biggest issues. I loved hearing how Giovanna used iPhone photography to inspire people during the pandemic. Thank you Stefano for a very special tour! https://t.co/xibu6PK5M5
Tim Cook,2022-09-30 07:29:29+00:00,2586,176,,"Gold Medal Paralympian @VioBebe doesn‚Äôt believe anything is impossible ‚Äî and, at Apple, neither do we! It was great to meet you, Sandro, and the team to see how you're championing inclusive sports, making them accessible to all, and igniting positive change everywhere you go. https://t.co/e6rEhvLY1o"
Tim Cook,2022-09-29 18:00:48+00:00,3133,289,,"Thank you to the University of Naples Federico II for the honor, for your hospitality, and for the incredibly important work you do. https://t.co/NfP8a6ZjC4"
Tim Cook,2022-09-29 17:37:10+00:00,4735,502,,We launched the Apple Developer Academy in Naples ‚Äî our first in Europe ‚Äî to help students from all over the world learn the skills they need to enrich people‚Äôs lives. Today‚Äôs visit was a reminder of all education can inspire ‚Äî and I can‚Äôt wait to see what these students achieve. https://t.co/tLHf2o52YW
Tim Cook,2022-09-29 14:25:15+00:00,3597,231,,"We are keeping everyone being affected by Hurricane Ian in our thoughts, and we thank the first responders for helping those in harm‚Äôs way. Apple is donating to relief efforts on the ground."
Tim Cook,2022-09-28 19:45:29+00:00,7739,564,,"Ciao Italia ‚Äî great to be in Naples! Thank you to sculptor Jago for inviting me to his incredible studio. Inspired by artists of the past, he uses technology to create masterpieces for generations to come. https://t.co/FAx8a1LFUb"
Tim Cook,2022-09-28 17:25:40+00:00,5548,209,,"Hard to believe it‚Äôs been almost 15 years since we opened Apple Rosenstra√üe, our first store in Germany. Great to be back with the team! https://t.co/pLZoecvkZU"
Tim Cook,2022-09-28 16:01:44+00:00,5763,329,,The young athletes at @FCBayern are learning critical skills both on and off the pitch. I especially enjoyed seeing how they use our products to train hard and achieve their dreams. https://t.co/mgdikZ8gVJ
Tim Cook,2022-09-28 13:15:09+00:00,6716,276,,Surfs up in Munich! It was amazing to see what local photographer Jannik Obenhoff was able to capture on iPhone 14 Pro Max at one of the only urban surfing spots in the world. https://t.co/hrDcUkr2Bj
Tim Cook,2022-09-28 10:59:24+00:00,7116,358,,Visited our latest state-of-the-art labs in Munich this morning. This chamber is where our incredible engineers conduct some of the cellular testing done to ensure we‚Äôre optimizing for performance and connectivity. https://t.co/JKRTMa23NA
Tim Cook,2022-09-28 09:15:19+00:00,3374,165,,We‚Äôre thinking about all those who are in the path of Hurricane Ian. We urge everyone to take precautions and stay safe.
Tim Cook,2022-09-28 05:05:05+00:00,28502,1506,,"Schee, dass ma wieder amoi gmiadlich zamsitzn. So happy to be back to Oktoberfest. Prost! https://t.co/AcPy8ugH9v"
Tim Cook,2022-09-27 17:50:18+00:00,6010,261,,"Thanks for the warm welcome from the team at Apple Rosenthaler Stra√üe in Berlin! Great to see German developers Flowkey, komoot, and Dogo, who are helping people all over the world learn piano, plan a hike, or train their dog ‚Äî including the very well-behaved Ninja. https://t.co/iuQ1aTYFBz"
Tim Cook,2022-09-27 06:19:26+00:00,2466,168,,"Enjoyed an amazing gospel performance from Volney Morgan &amp; New-Ye. And 12-year-old Nandi Bushell ‚Äî wow, can she play! We‚Äôre so proud to support emerging new British artists and help them unlock their creative potential at Apple‚Äôs Platoon Studios. https://t.co/RsTuciXice"
Tim Cook,2022-09-27 05:38:34+00:00,3104,162,,Great to meet with our class of all-female founders at our first Foundations program in the UK. These developers are on their way to making and achieving extraordinary things. https://t.co/nkXZ9TOLzv
Tim Cook,2022-09-26 17:50:37+00:00,19361,1081,,Go AFC Richmond! https://t.co/olPDEy6RhS
Tim Cook,2022-09-26 14:31:49+00:00,4411,237,,It was great to spend time with our team members at Apple Brompton Road and Regent Street today. Their care and support for our customers always puts a smile on my face! https://t.co/gRisVO8bns
Tim Cook,2022-09-26 13:19:38+00:00,17246,1604,,We can‚Äôt wait to open our new offices in the iconic Battersea Power Station for so many of our team members in London early next year. It's a tribute to this incredible city and a reflection of our commitment to Apple's future in the UK. https://t.co/67M3qpaSTB
Tim Cook,2022-09-26 09:13:49+00:00,1740,173,,"As part of our work to address challenges in racial equity and justice, we‚Äôre excited to partner with Southbank Centre to increase representation in the arts. This is a wonderful program designed to unlock people‚Äôs full creative potential, and we‚Äôre thrilled to be a part of it. https://t.co/FKAbGmaCRK"
Tim Cook,2022-09-25 20:53:58+00:00,3084,216,,L‚ÄôShanah Tovah ‚Äî a happy Rosh Hashanah to all those celebrating around the world. Here‚Äôs to a peaceful year ahead. üçØüçé
Tim Cook,2022-09-25 16:33:16+00:00,6604,285,,It‚Äôs good to be back in London! I really enjoyed spending time with customers and with our incredible team at Apple Covent Garden this afternoon. Thanks to everyone for the warm welcome! https://t.co/JBIQfZXfNs
Tim Cook,2022-09-24 22:51:12+00:00,4861,348,,We're excited to connect with more customers in Seoul as we open Apple Jamsil in the vibrant Songpa District! üá∞üá∑üôèüèª https://t.co/9yEGjbHW1C
Tim Cook,2022-09-23 23:36:09+00:00,5175,275,,"When you encounter portraiture shot by the extraordinary¬†Brigitte Lacombe on iPhone 14 Pro Max, you have to stop and stare. https://t.co/QX8Renwivu"
Tim Cook,2022-09-23 18:35:55+00:00,1358,146,,Sidney Poitier was an icon of cinema and a barrier-breaking civil rights leader ‚Äî his documentary is a beautiful portrait of a life well-lived and an incomparable legacy. https://t.co/VWoePSDG6F
Tim Cook,2022-09-21 00:11:48+00:00,4806,384,,"Our hearts are with all the people of Puerto Rico as they come together to rebuild once again. We will donate to assist with immediate relief and ongoing recovery efforts. To everyone still in the path of Hurricane Fiona, please stay safe."
Tim Cook,2022-09-16 17:16:51+00:00,8813,544,,"Great spending time with our teams and customers at Apple Fifth Avenue, Apple Upper West Side, and Apple Upper East Side. I ‚ù§Ô∏è NY! https://t.co/W1HNrt9cMm"
Tim Cook,2022-09-16 15:40:17+00:00,14347,940,,So excited for our customers to experience the magic of our latest products. A day like today has been years in the making ‚Äî thank you to everyone that‚Äôs made it possible! https://t.co/IeRPWb0Gwp
Tim Cook,2022-09-13 03:51:32+00:00,6707,423,,"There must be magic on the pitch at @AFCRichmond because @TedLasso and the Diamond Dogs have done it again. Congratulations to the cast, crew, and all involved at @AppleTVPlus on your Emmy wins! https://t.co/owyZGen3RS"
Tim Cook,2022-09-08 18:30:53+00:00,36161,3607,,There is nothing more noble than to devote your life to the service of others. We stand with the people of the UK and Commonwealth in honoring the life and dedication to duty of her Majesty Queen Elizabeth II. May she rest in peace. https://t.co/GkLpqyovlh
Tim Cook,2022-09-08 04:58:00+00:00,8829,1557,,Steve‚Äôs legacy lives on in the company we are and the products and services we create. The Steve Jobs Archive was created as a place to spark a sense of possibility in everyone. https://t.co/MfgMuGV8IX
Tim Cook,2022-09-08 04:26:18+00:00,15253,2091,,"Here‚Äôs all the big news from the Apple Event. Introducing iPhone 14 Pro, iPhone 14, Apple Watch Ultra, Apple Watch Series 8, and AirPods Pro. https://t.co/kFDeU2bdUl"
Tim Cook,2022-09-07 22:01:39+00:00,19862,1934,,"It was a great day at Apple Park, introducing the world to products that are essential to our daily lives and that work seamlessly together. #AppleEvent https://t.co/Bolbc5V33E"
Tim Cook,2022-09-07 13:00:32+00:00,40356,3681,,Good morning! Looking forward to a stellar Apple event. https://t.co/8rwWBwX79V
Tim Cook,2022-09-02 16:40:45+00:00,6171,381,,"We're thinking of the people of Jackson, Mississippi who are struggling for that most basic of necessities this summer ‚Äî clean water. Apple is donating to relief efforts on the ground aimed at distributing food and water immediately."
Tim Cook,2022-08-31 14:21:09+00:00,36688,6044,,"The floods in Pakistan and surrounding areas are devastating humanitarian disasters. Our thoughts are with those that have lost loved ones, the many displaced families, and all those affected. Apple will donate to relief and recovery efforts on the ground."
Tim Cook,2022-08-25 17:56:10+00:00,1785,188,,We're proud to welcome the second Apple Impact Accelerator class of entrepreneurs. These leaders are meeting the challenges of climate change with creative technologies and a daring optimism about what's possible. https://t.co/zTOI2M45ee
Tim Cook,2022-08-22 15:28:03+00:00,2577,227,,Our National Parks are some of our country‚Äôs greatest treasures welcoming visitors from all around the world. They connect us to nature and remind us just how precious our planet is. https://t.co/B8EJWbSKq2
Tim Cook,2022-08-20 22:24:33+00:00,1830,156,,"These aspiring coders, creators, and entrepreneurs are blazing exciting new trails. Proud to continue our longstanding partnership with @KodeWithKlossy to empower young women to write the apps of the future. Thanks, Apple Fifth Avenue team, for hosting these talented scholars! https://t.co/FM5SchTGsP"
Tim Cook,2022-08-19 17:57:34+00:00,7739,481,,"The moment when sun, sand, and ocean meet. Thank you to @eoside for the stunning photo shot on iPhone 13 Pro ‚Äî a perfect image to celebrate #WorldPhotographyDay! üåÖ https://t.co/dzVFIiJNch"
Tim Cook,2022-08-19 01:58:41+00:00,3179,264,,Beautiful work from blind and low vision creators in Chicago‚Äôs Photography for All summer program. They described how taking photos on iPhone or iPad is about more than creativity ‚Äì it‚Äôs a way to access visual information and explore new places. https://t.co/wPJDjOdklj https://t.co/w3rwXHjsqj
Tim Cook,2022-08-15 04:09:46+00:00,6362,402,,"Congratulations to the incredible cast and crew behind Severance and Ted Lasso on @AppleTVPlus for winning Best Drama and Best Comedy at tonight‚Äôs Hollywood Critics Association TV Awards! Proud of the Richmond footballers and Lumon‚Äôs macrodata refiners (and their outies, too)."
Tim Cook,2022-08-11 04:01:09+00:00,2981,256,,"We‚Äôre proud to celebrate Apple‚Äôs 40-year long history in Australia with projects that will help create clean energy, continue to expand coding education, and advance equity for Indigenous communities. Cheers to 40 years! https://t.co/z1qz4dj5rV"
Tim Cook,2022-08-01 00:41:31+00:00,5346,357,,"Our hearts are with everyone impacted by the devastating floods in Kentucky and surrounding states. To everyone in harm‚Äôs way, please stay safe. Apple will be donating to community relief and recovery efforts."
Tim Cook,2022-07-28 18:49:28+00:00,4488,380,,"We‚Äôre excited to open Apple Brompton Road, our new store near London‚Äôs Hyde Park! üá¨üáß This beautiful store will have some incredible Today at Apple sessions, artist workshops, and AR experiences on tap for the community. https://t.co/R25GRIaoF9"
Tim Cook,2022-07-26 14:45:30+00:00,3613,359,,"Thirty-two years ago the Americans with Disabilities Act reshaped society in profoundly important ways. At Apple, we have always believed that the best technology should be made for everyone ‚Äî and that accessibility is essential to building a more equitable world."
Tim Cook,2022-07-25 17:45:57+00:00,2128,198,,"At Apple, we feel a deep responsibility to help strengthen our communities. As part of our $2.5 billion commitment to help address the housing crisis in California, we‚Äôre proud to welcome the residents of Veterans Square to their new home. https://t.co/6GDzX0Q6ON"
Tim Cook,2022-07-20 19:17:03+00:00,2215,261,,Our health is affected by the many small actions we take every day. We want to empower you with actionable steps you can take to improve your well-being. Helping you stay healthy motivates us to keep innovating. ‚åöÔ∏è‚ù§Ô∏èüí™ https://t.co/KqJQsEUQI9
Tim Cook,2022-07-12 20:44:30+00:00,3767,716,,"Coding is one of the most valuable skills a person can learn. It can open new doors, jumpstart careers, and help big dreams seem like achievable goals. Everyone around the world should have an opportunity to learn how to code. https://t.co/yWfNlmQwdz"
Tim Cook,2022-07-08 13:27:21+00:00,28676,3423,,I am shocked by the loss of former Japanese prime minister Shinzo Abe. He was such an important leader and I was honored to have spent time with him. Our hearts are with his loved ones‚Äîand all of our friends in Japan.
Tim Cook,2022-07-07 19:32:54+00:00,34374,3729,,"Today, Steve was awarded the Medal of Freedom, America‚Äôs highest civilian honor. He was a visionary who challenged us to see the world not for what it is, but for what it could be. We cherish his memory and we‚Äôll continue building on his legacy. https://t.co/G6cbBdGzvY"
Tim Cook,2022-07-04 14:06:33+00:00,6740,511,,"Happy Independence Day to everyone celebrating today!üóΩ Progress isn‚Äôt always linear but even in times of great challenge, America has prevailed thanks to our core principle that all people are created equal."
Tim Cook,2022-07-01 00:07:17+00:00,3130,267,,"Everyone should have the opportunity to learn to code. As part of our Racial Equity and Justice Initiative, we‚Äôre proud to have launched the first U.S. Developer Academy in Detroit.¬†Caps off to the creators and¬†coders who are graduating today! https://t.co/wBZJzwwUvP"
Tim Cook,2022-06-19 16:00:01+00:00,7097,434,,"Today we celebrate the wisdom, the fun, and the unfailing support of fathers everywhere. To my dad, and dads at Apple and beyond, thanks for all you do! Happy Father‚Äôs Day!"
Tim Cook,2022-06-19 14:00:02+00:00,3066,268,,"This Juneteenth, as we commemorate emancipation, we celebrate the important progress we‚Äôve made as a society, and we recommit ourselves to the essential work of building a more just and equitable world."
Tim Cook,2022-06-16 03:22:21+00:00,1851,195,,"We‚Äôre celebrating the 20th year of Apple Camp with a focus on the environment. We‚Äôre excited to welcome parents and kids to a summer filled with exploration and creative storytelling with iPad, led by our talented teams at stores around the world. https://t.co/5HPgnaRfQE"
Tim Cook,2022-06-15 14:45:16+00:00,4033,350,,"Today marks 10 years since the announcement of DACA, which has allowed Dreamers to stay in the only home they‚Äôve ever known. We‚Äôre proud to have hundreds of Dreamers working at Apple and we‚Äôll continue to press for passage of the DREAM Act, which creates a path to citizenship."
Tim Cook,2022-06-14 18:52:19+00:00,7535,857,,"We‚Äôre thrilled to bring @MLS to @AppleTV! Starting next year, ‚öΩÔ∏è fans around the world can watch all Major League Soccer matches in one place. https://t.co/1A0l7hS9Sr"
Tim Cook,2022-06-10 01:25:42+00:00,4455,227,,Great visit to Apple World Trade Center! Already looking forward to my next trip to NYC. üóΩ https://t.co/8dot8OAda1
Tim Cook,2022-06-09 01:08:07+00:00,2758,180,,"Awesome to meet with some amazing developers in NYC who are lifting up Black voices, innovating in healthcare, and so much more. It‚Äôs an honor to celebrate our global developer community this week. #WWDC22 https://t.co/kLOD5KNumQ"
Tim Cook,2022-06-08 22:44:45+00:00,3491,203,,This was a great way to kick off the day! Apple Grand Central is an amazing space with a team as energetic as the city itself. Thanks to all the team members who shared your stories and for all you do for our customers! https://t.co/ezUoYia5PO
Tim Cook,2022-06-08 00:45:49+00:00,2165,184,,"Excited to expand our partnership with @KodeWithKlossy with Today at Apple Creative Studios and new AI/ML camps! Coding is the one true universal language we have, and we love to see young developers unlock their creative potential. Thanks to Apple SoHo for hosting us today! https://t.co/Lb1n7M6imt"
Tim Cook,2022-06-07 23:27:58+00:00,5527,291,,We‚Äôve marked so many amazing moments at Apple Fifth Avenue in the heart of New York City. It was great to be back here with the team today! https://t.co/tXrd4UmfzE
Tim Cook,2022-06-07 02:15:25+00:00,6258,920,,"The next generation of Apple silicon is here. M2 is ready to supercharge the MacBook Air and 13-inch MacBook Pro, but there‚Äôs so much more we announced today. Greater connectivity, customization, and capabilities. Day one done, more to come! #WWDC22 https://t.co/lwYjrJcbgH"
Tim Cook,2022-06-06 23:13:57+00:00,6749,520,,Thanks to all the developers that tuned in around the world and those who joined us for a special day at Apple Park. The app economy is growing and thriving thanks to the innovations that talented developers are dreaming up! #WWDC22 https://t.co/5F1iuikyIT
Tim Cook,2022-06-06 14:00:00+00:00,22547,2867,,Developers assemble! It's going to be a great day! #WWDC22 https://t.co/OZvER1gIiN
Tim Cook,2022-06-05 22:40:33+00:00,6776,556,,"The talented student developers I met today are going places! They let their passion for coding and creative problem-solving shine through in areas as diverse as gardening, gaming, quantum physics, and more. Never stop innovating! #WWDC22 https://t.co/M0aXPCZ6Os"
Tim Cook,2022-06-05 15:00:01+00:00,5121,458,,"Earth‚Äôs resources are finite, but our opportunities to conserve them are limitless. We‚Äôre expanding our carbon-neutral footprint to our whole supply chain and innovating constantly to leave the world better than we found it. #WorldEnvironmentDay https://t.co/GKFRZNlPSa"
Tim Cook,2022-06-03 22:48:04+00:00,6058,510,,"We‚Äôve long needed comprehensive federal privacy legislation and I‚Äôm pleased to see the growing momentum behind it. At Apple, we believe privacy is a fundamental human right, and we will keep working to support the strongest privacy bill possible."
Tim Cook,2022-06-03 21:06:03+00:00,1447,165,,"From teaching the basics of CPR to helping gardeners thrive, I‚Äôm so impressed by the app projects our WWDC Swift Student Challenge winners‚Äô conceived of and coded. Congratulations to everyone involved. I can‚Äôt wait to see what you do next! https://t.co/2lQdV7MpKc"
Tim Cook,2022-06-01 02:47:14+00:00,2407,149,,"Glad to hear it, Marc! We need you healthy for what looks like an incredible series. https://t.co/XAZOhNlvBE"
Tim Cook,2022-05-30 15:00:00+00:00,4452,324,,Their memory will not be forgotten. Their legacy is all around us. Thank you to the fallen heroes and their families whose sacrifice forms the bedrock of our society. üá∫üá∏
Tim Cook,2022-05-24 20:04:53+00:00,2407,299,,This year‚Äôs Apple Watch Pride Edition bands once again celebrate the great diversity of LGBTQ+ people around the world. We‚Äôre proud to continue supporting nonprofits doing tremendous work to advance equality and justice. We are stronger together! https://t.co/oaPVB3JEfe
Tim Cook,2022-05-19 14:44:51+00:00,3763,323,,"We think deeply about how our products can enrich rather than restrict and connect rather than isolate. Our technology is built intentionally by listening and developing new paths to an accessible, inclusive future for all. #GAAD"
Tim Cook,2022-05-19 01:17:10+00:00,2308,236,,"Prehistoric Planet came roaring to life at a dino-mite Today at Apple session! We connected dinosaur fans with producers @Jon_Favreau, @MikeGunton, and Tim Walker to learn how they brought new life to these incredible creatures. Catch the premiere on May 23rd! https://t.co/1N3Si1Fvt7"
Tim Cook,2022-05-18 23:24:26+00:00,5191,644,,Privacy is a fundamental right and we build it into all our products and services at Apple. You should be in control of your data ‚Äî not the highest bidder. https://t.co/oON1YRd8vI
Tim Cook,2022-05-17 14:00:54+00:00,4526,624,,"At Apple, we design for accessibility from the ground up and we‚Äôre constantly innovating on behalf of our users. The cutting-edge features we are sharing today will offer new ways for people with disabilities to navigate, connect, and so much more. https://t.co/Zrhcng95QA"
Tim Cook,2022-05-14 19:00:49+00:00,2906,186,,We‚Äôre honored to have so many members of the Gallaudet community as part of our Apple family. Thank you for everything you do for our customers ‚Äî and for each other. https://t.co/PA8n8JvLpx
Tim Cook,2022-05-13 23:33:05+00:00,2216,178,,"Thank you to @GallaudetU for having me today! I was awed by the spirit of community and so grateful to be able to celebrate with all of you in person. Lead with your values, and lead you will. Great things are in store for the class of 2022! https://t.co/miWO38bzi0"
Tim Cook,2022-05-08 14:34:11+00:00,7854,626,,"Today we honor and celebrate mothers everywhere ‚Äî moms with us, moms we miss, and the people who stepped into the role many times over ‚Äì thank you for believing in us, inspiring us, and helping us realize our dreams. Happy Mother's Day!"
Tim Cook,2022-05-05 22:34:27+00:00,2191,173,,This Asian Pacific American Heritage Month we celebrate the contributions and achievements of so many AAPI individuals who have made America what it is today. Our society is at its best when we bring together everyone‚Äôs unique perspectives and backgrounds.
Tim Cook,2022-05-04 14:36:35+00:00,2255,303,,"Go behind the Mac and learn how @skywalkersound brings you to a Galaxy Far, Far Away. #MayThe4th be with you! https://t.co/VO6xpDSdTx"
Tim Cook,2022-05-01 23:11:44+00:00,65002,6311,,Eid Mubarak to everyone celebrating around the world! Wishing you a joyous and peaceful holiday connecting with family and friends.
Tim Cook,2022-04-27 14:41:38+00:00,1782,162,,"Some nicknames just fit. Loving this powerful series about one of the greatest to ever play the game. Thank you for sharing your story with us, Magic! https://t.co/DuRnSHocxD"
Tim Cook,2022-04-25 02:04:38+00:00,2683,350,,"Chicken and rice, what could go wrong? ‚ÄòPoached‚Äô from film director @ThisIsDavidGelb is entirely #ShotOniPhone and captures the nuances of Singaporean street food culture and the simple beauty of Hainanese üçóüçö. Enjoy! https://t.co/C4KRzfUehE"
Tim Cook,2022-04-23 01:25:04+00:00,3896,392,,Daisy's been hard at work. ü¶æ https://t.co/76HJoS51i4
Tim Cook,2022-04-22 18:57:00+00:00,4326,450,,"Protecting the environment is a huge responsibility that we consider in everything we do. Teams across the company are meeting the moment with commitment and clarity of purpose. In honor of #EarthDay, here's how we‚Äôre working toward a greener future. https://t.co/iIHRXEwpfA"
Tim Cook,2022-04-22 03:24:15+00:00,2243,234,,Apple is partnering with @AERFConserve to help Maharashtra save its mangrove forests ‚Äî habitats that absorb carbon and protect against monsoons and tsunamis. This is another one of the many ways we are fighting to protect and preserve the environment. https://t.co/jIBp9ZEBZD
Tim Cook,2022-04-21 18:15:07+00:00,10237,559,,Hiking is one of my favorite ways to clear my mind. The trails in @YosemiteNPS are some of the best. Thanks to @tiffpenguin for this amazing #ShotOniPhone photo for #NationalParkWeek! https://t.co/bmKMlTWxPX
Tim Cook,2022-04-21 00:31:38+00:00,1768,156,,What a special episode of Time to Walk as the incomparable @JaneGoodallInst shares insights gleaned from a lifetime of service to the planet and its inhabitants. Her stories about nature and advocacy have never mattered more. Listen now on Apple Watch. https://t.co/QSlzdWUUEo https://t.co/qlERKeSqP9
Tim Cook,2022-04-19 21:15:43+00:00,3048,322,,"Our future hinges on the decisions we make today. That‚Äôs why at Apple, we‚Äôre using more recycled content in our products than ever before, and why we‚Äôve set an ambitious goal to one day make our products without taking anything from the Earth. https://t.co/AvdGLDgceU"
Tim Cook,2022-04-17 13:51:15+00:00,10083,639,,"Wishing a Happy Easter to all those celebrating! May today remind us of the power of renewal, kindness, and our shared humanity. üå∑"
Tim Cook,2022-04-16 16:32:51+00:00,3950,320,,"Thanks so much Molly, I‚Äôd be honored! See you there! ü¶¨ https://t.co/eSmy1uyFu7"
Tim Cook,2022-04-15 21:48:56+00:00,4343,259,,I hope your seder table is full and conversations are meaningful tonight. Chag Pesach Sameach to all celebrating the story of Passover! üç∑ü´ì
Tim Cook,2022-04-14 18:37:21+00:00,3004,335,,"In the past year, we‚Äôve doubled the number of our suppliers using 100% clean energy. We aren‚Äôt stopping there because we know the fight against climate change requires leadership, urgency, and partnership. https://t.co/vTfa2XAqwq"
Tim Cook,2022-04-13 16:32:08+00:00,3749,304,,Such stunning macro photography from the #ShotOniPhone Challenge! Here's a look at a couple of the winning shots from Trevor and Tom. Your photos give us a beautiful glimpse of life up close. https://t.co/cc4Pnr3KRp https://t.co/GXQJHSb8V5
Tim Cook,2022-04-09 23:05:36+00:00,26137,9781,,We‚Äôre thrilled to have you! I know fans will be excited for the Today at Apple Remix sessions. https://t.co/DPxcPvo0mC
Tim Cook,2022-04-09 03:02:34+00:00,6833,1055,,"Î∞òÍ∞ÄÏõåÏöî, ÏÑúÏö∏! üá∞üá∑ Apple Myeongdong opened its doors as our newest store in the heart of Korea. We're thrilled to further support our Korean customers in a space as unique and vibrant as the community it serves. https://t.co/aVSZd5GZjz"
Tim Cook,2022-04-02 20:19:40+00:00,9149,791,,"From the age of six, Anthony has expressed his love for photography. He now shares his larger-than-life iPhone images of model cars with fans around the world and his creativity really shines through! #ShotOniPhone #AutismAcceptanceMonth üì∏ IG: anthony_ryan_schmidt https://t.co/kJTcGhvB6A"
Tim Cook,2022-04-02 00:20:17+00:00,35715,5709,,"Ramadan Mubarak üåô ¬†to those observing with their family, friends, and community. Wishing you peace and joy as this Holy Month begins."
Tim Cook,2022-04-01 14:52:04+00:00,2043,242,,"We want to help even more small businesses grow, compete, and succeed. We launched¬†Apple Business Essentials to make device management, storage, security, and repairs easier than ever.¬†https://t.co/FjFBghmmLi"
Tim Cook,2022-03-31 14:03:22+00:00,3903,478,,"Today, we celebrate trans and gender non-conforming people and honor your contributions to the world. You deserve the opportunity to live your life true to yourself, and we are proud to support you. #TransDayOfVisibility https://t.co/8RCGvNABOo"
Tim Cook,2022-03-30 19:06:46+00:00,1563,142,,"Today, we're launching a new Supplier Employee Development Fund, creating new opportunities and expanding the reach and impact of education programs available to employees across our global supply chain. https://t.co/AFnCVsZZSP"
Tim Cook,2022-03-28 05:01:22+00:00,12848,1531,,"Team CODA created a profoundly beautiful movie, a story of hope and heart that celebrates our differences. Congratulations to the producers, @SianHeder, @TroyKotsur, @MarleeMatlin, @EmiliaJonesy, @DanielNDurant, @EugenioDerbez, and all involved in these historic wins! #CODAfilm https://t.co/s9ebnPaYl1"
Tim Cook,2022-03-25 23:31:19+00:00,18175,2188,,"Forty high school students from Tamil Nadu, India captured the vibrance of their communities on iPhone 13 mini. Now their work is featured in the student showcase at the historic Egmore Museum for the Chennai Photo Biennale. #ShotOniPhone https://t.co/t0DhNYWGvm https://t.co/I30DTwZkbT"
Tim Cook,2022-03-25 14:11:49+00:00,1906,211,,"Innovation is at the heart of our work to lower our impact and protect the planet. On our path to 2030, we‚Äôre pioneering new ways to develop and use materials, like removing carbon from the century-old process of aluminum smelting. https://t.co/mXtyK4KmJA"
Tim Cook,2022-03-24 17:32:13+00:00,3739,371,,"At Apple, we know how important it is to build and maintain a culture where everyone belongs. We‚Äôre proud of the progress we‚Äôve made to create a more inclusive workforce and are committed to doing more. https://t.co/rcltKNWLnC"
Tim Cook,2022-03-24 01:17:45+00:00,5991,631,,"Today we introduced driver‚Äôs license and state ID in Wallet for the first time. Now available for Arizona residents, we‚Äôre looking forward to bringing this easy, private, and secure feature to more states soon. https://t.co/rEMYlyIZwZ"
Tim Cook,2022-03-23 13:45:50+00:00,1427,111,,Great morning at Apple Carnegie Library! Thanks to @MarleeMatlin and the incredible cast of #CODAFilm for stopping by and chatting with the team. https://t.co/IeJp8inrKS
Tim Cook,2022-03-18 02:38:05+00:00,8393,720,,Wishing everyone celebrating Holi a vibrant beginning to spring. Here‚Äôs to spreading the joy of color with these beautiful images #ShotOniPhone13ProMax by @coffeekarma and @rohit_apf. https://t.co/bMx9K1McE2
Tim Cook,2022-03-16 00:00:21+00:00,1425,125,,Our Impact Accelerator creates opportunities for US companies that are advancing environmental innovation in communities across the country. We‚Äôre looking forward to welcoming even more to the next class starting soon. https://t.co/IYALOJhWjd
Tim Cook,2022-03-12 21:20:57+00:00,3676,222,,Celebrating incredible writer/director @sianheder and the amazingly talented @marleematlin as #CODAFilm was honored at #AFIAwards. #WomensHistoryMonth https://t.co/x9lcDL1B4S
Tim Cook,2022-03-12 02:21:56+00:00,6048,374,,"As the east coast of Australia contends with the impact of historic flooding on a devastating scale, our hearts go out to everyone affected and Apple will be donating to relief efforts."
Tim Cook,2022-03-12 00:22:27+00:00,2424,253,,".@Malala‚Äôs episode of Time to Walk on Fitness+ is an inspiring journey for us all¬†and an important reminder of the power of education. As she says, ‚ÄúThe work for education is always needed, but in this moment it is needed more than ever.‚Äù¬†¬†https://t.co/x3VtyPQewh https://t.co/PNma2ZIrX0"
Tim Cook,2022-03-11 01:23:17+00:00,25930,2552,,"As a proud member of the LGBTQ+ community, I am deeply concerned about laws being enacted across the country, particularly those focused on our vulnerable youth. I stand with them and the families, loved ones, and allies who support them."
Tim Cook,2022-03-08 19:14:53+00:00,6590,813,,We‚Äôre bringing Mac users an entirely new system with Mac Studio and Studio Display. I can't wait to see the ideas you‚Äôll explore and the magic you'll make. https://t.co/f4wS9LCASO
Tim Cook,2022-03-08 17:45:00+00:00,10930,1544,,"Come take a peek. #AppleEvent ‚§µÔ∏è 
https://t.co/OUTqAbnFDd"
Tim Cook,2022-03-08 14:56:22+00:00,5822,598,,"This #InternationalWomensDay we celebrate the women who are charting the course for a more equitable future, and recognize the rising generation of change-makers who follow in their path."
Tim Cook,2022-02-25 01:00:06+00:00,21194,1894,,"Marking Steve‚Äôs birthday never gets any easier. In these challenging times, I‚Äôm remembering his call for us to use our time wisely, to pursue excellence, and to leave the world better than we found it. Today would have been his 67th birthday."
Tim Cook,2022-02-25 00:26:03+00:00,39504,3032,,I am deeply concerned with the situation in Ukraine. We‚Äôre doing all we can for our teams there and will be supporting local humanitarian efforts. I am thinking of the people who are right now in harm‚Äôs way and joining all those calling for peace.
Tim Cook,2022-02-22 01:31:14+00:00,1609,192,,Park Chan-wook‚Äôs new #ShotOniPhone film plays with genre and masters cinematography while showing the beauty and strength of Korean culture. https://t.co/SVUCxA9zHy
Tim Cook,2022-02-14 19:27:17+00:00,4574,357,,Happy Valentine‚Äôs Day from all of us at Apple. ‚ù§Ô∏è https://t.co/zUCNZUkfbg
Tim Cook,2022-02-09 01:55:28+00:00,9013,1466,,"We just introduced Tap to Pay on iPhone, a great way for millions of small businesses to accept contactless payments right from their iPhone. It‚Äôs easy, secure, and will be coming out later this year. https://t.co/w6P6oS7grm"
Tim Cook,2022-02-08 17:57:00+00:00,5231,408,,We launched @AppleTVPlus two years ago to bring millions of viewers some of the best stories out there. Congrats to the teams behind CODA and The Tragedy of Macbeth for breaking historic records and telling stories that matter!
Tim Cook,2022-02-02 02:07:22+00:00,2422,276,,"Helping customers take steps toward improving their heart health motivates us to do what we do. I am so proud each time I hear that our products and services have saved lives, helped people stay active, and allowed them to live a better day. #HeartMonth https://t.co/maIzKp2Bh4"
Tim Cook,2022-02-01 21:26:56+00:00,3235,296,,"This Black History Month, let‚Äôs celebrate the culture and contributions of the Black community ‚Äî and recommit to building a more just future for all."
Tim Cook,2022-02-01 02:40:25+00:00,5874,493,,Sending wishes of joy to all those celebrating Lunar New Year. May this Year of the Tiger bring you courage and strength. Beautiful #ShotoniPhone photo by¬†Zerry Song. https://t.co/9hge11bJ4w
Tim Cook,2022-01-28 16:29:29+00:00,9130,890,,"We believe privacy is a fundamental human right, and the best technology is one that people can trust. At Apple, we‚Äôre constantly innovating to give our users more control over how their data is used and the choice with whom to share it. #DataPrivacyDay"
Tim Cook,2022-01-20 21:40:12+00:00,2386,246,,Fitness+ has helped people live a better life and reach their wellness goals ‚Äî myself included. Here‚Äôs to motivating and inspiring many more in 2022! https://t.co/SxFDMwhxLH
Tim Cook,2022-01-20 00:11:50+00:00,1272,121,,"MLK dedicated his life to fighting discrimination and hatred, and it‚Äôs up to us to continue that legacy. Thank you to Dr. @BerniceKing and @barbarawhye for your work and for continuing these important conversations. https://t.co/7Tc06kPfNo"
Tim Cook,2022-01-17 17:37:01+00:00,4151,490,,"Dr. King could paint a powerful vision in dark times, reminding us that we could ‚Äúhew out of the mountain of despair a stone of hope.‚Äù May his words continue to inspire us to bind up our nation‚Äôs wounds and protect the civil rights of all who call it home. #MLKDay https://t.co/VVhOnWfc25"
Tim Cook,2022-01-14 19:28:12+00:00,2907,253,,"I highly recommend The Tragedy of Macbeth, now streaming on @AppleTV. It‚Äôs a timeless story told in a completely new way. Tour de force performances, stunning photography, and masterful direction. Congrats to all involved! https://t.co/wjqHjBvtjF"
Tim Cook,2022-01-07 18:16:02+00:00,3687,297,,"An undeniable presence both on-screen and off, Sidney Poitier inspired generations with his talent, his grace, and his unrelenting commitment to justice and equality. May he rest in peace. https://t.co/yW9dhynruD"
Tim Cook,2022-01-01 14:52:59+00:00,14459,1174,,"As we embark on 2022, let us remember that even in the face of great challenges, humanity can achieve profoundly good things. And we will. Be safe, be well, and have a happy new year."
